No,NAMA,ALAMAT,TGL NOTA,NO NOTA / INVO,TOTAL
1,ABDUL HARIS,NIKAN,9/21/2023,3635,Rp 11.276.000
2,AHMAD,MANGULAK,5/12/2015,11110,Rp 542.900
3,AHMAD,KAMPUNG BARU,5/16/2025,13845,Rp 9.945.000
4,AHMAD,KAMPUNG BARU,5/5/2026,16852,Rp 5.653.000
5,AHMAD JUNAIDI,ANCAK,6/18/2026,17296,Rp 6.155.000
6,AKUANMAN,MANGULAK,7/7/2019,20959,Rp 720.000
7,ANDI,DADI REJO,17/12/2017,7837,Rp 148.000
8,ANDI,BK 3,10/16/2015,6474,Rp 644.700
9,ANTON,SIDO MULYO,9/7/2021,9215,Rp 820.000
10,ANWAR,TANAH MERAH,7/19/2009,5092,Rp 100.000
11,ARI,RIANG BANDUNG,5/3/2019,19537,Rp 2.688.000
12,ARI,RIANG BANDUNG,7/30/2019,21864,Rp 1.885.000
13,ARIS (DGW),BK.14,8/22/2026,17706,Rp 1.260.000
14,ARMAN (PT DAN),LAMPUNG,6/13/2025,14616,Rp 1.470.000
15,ASEP/SOR ASEP,GUMAWANG,2/12/2023,4731,Rp 153.000
16,ASRORI,SRIMULYO,1/22/2020,24199,Rp 1.135.000
17,ASRORI,SRIMULYO,1/28/2020,24389,Rp 1.180.000
18,ASTOYO,SRI MULYA,5/16/2010,4492,Rp 1.000.000
19,BAHRIN (SAMUDRA TANI),GUMAWANG,11/17/2011,10023,Rp 5.750.000
20,BAMBANG,BATURAJA,1/24/2011,743,Rp 3.160.000
21,BAMBANG,BATURAJA,1/31/2011,1034,Rp 1.490.000
22,BAMBANG,BATURAJA,1/17/2011,511,Rp 1.210.000
23,BENI,MUARA DUA,1/17/2017,892,Rp 4.700.000
24,BENI,MUARA DUA,8/9/2016,13262,Rp 3.000.000
25,BOMAN,TAMBAK BOYO,5/31/2026,17140,Rp 60.000
26,BOMAN,TAMBAK BOYO,1/10/2022,12307,Rp 265.000
27,BON/NOTA KUNING,GUMAWANG,1/1/2017,7756,Rp 300.000
28,BOY,GUMAWANG,11/3/2024,5772,Rp 500.000
29,BUKHORI,BATURAJA,8/24/2015,8979,Rp 2.670.000
30,BUSRONI,BATURAJA,1/12/2009,229,Rp 3.500.000
31,BUSRONI,BATURAJA,4/6/2009,1604,Rp 2.130.000
32,CHARLES MB,GUMAWANG,6/25/2010,6783,Rp 100.000
33,CHARLES MB,GUMAWANG,5/4/2010,4071,Rp 900.000
34,CINDY,MINANGA,7/30/2026,17585,Rp 22.564.000
35,CINDY,MINANGA,7/30/2026,17586,Rp 21.340.000
36,CINDY,MINANGA,7/30/2026,17589,Rp 14.005.000
37,DARMANSYAH,MARTAPURA,12/18/2017,7903,Rp 3.650.000
38,DEDI,TEBING SARI,5/15/2024,7814,Rp 2.300.000
39,DEDI (PT.BAYER),HARJOWINANGUN,1/29/2024,5761,Rp 4.000.000
40,DEDI (PT.FMC),GUMAWANG,9/13/2025,14331,Rp 4.280.000
41,DEDI (PT.FMC),GUMAWANG,2/2/2026,16174,Rp 4.000.000
42,DEDI (PT.FMC),GUMAWANG,2/20/2026,16328,Rp 3.300.000
43,DENI/PONIMAN,SIDO ANU,4/26/2020,478,Rp 425.000
44,DERA,MUARA DUA,6/29/2024,8704,Rp 6.000.000
45,DHANI,PASAR JAHE,6/7/2029,2907,Rp 3.200.000
46,DIDI,SARIGUNA,7/24/2015,8201,Rp 25.000
47,DINDA,MINANGA,7/1/2019,20636,Rp 1.828.000
48,ERHAYANA,PALEMBANG,10/29/2016,14367,Rp 500.000
49,EVA,RASUAN,4/26/2014,0,Rp 2.613.000
50,F/SALAH NOTA,GUMAWANG,12/3/2024,11434,Rp 845.000
51,FARIS,BK 4,11/28/2018,15570,Rp 532.500
52,FARIS,BK 4,4/21/2025,13577,Rp 1.480.000
53,FARIS,BK 4,4/21/2025,13578,Rp 981.500
54,FERY (F1 TANI),TRIMOHARJO,7/14/2025,11857,Rp 3.934.500
55,FITRI/SOLEH HASAN,JAMANTRAS,1/24/2023,19344,Rp 560.000
56,FURQON (PT FMC),TEGAL REJO,8/5/2019,21703,Rp 4.846.000
57,FURQON (PT FMC),TEGAL REJO,9/3/2014,392,Rp 10.944.000
58,FURQON (PT FMC) /NENGAH,TEGAL REJO,11/19/2016,14851,Rp 17.162.000
59,GEA,BEDILAN,10/22/2010,9562,Rp 225.000
60,HARI,PALEMBANG,2/7/2020,24694,Rp 1.210.000
61,HASBULAH,TANAH MERAH,7/27/2012,9066,Rp 497.500
62,HENDRI,MARGO MULYO,4/4/2015,5027,Rp 147.500
63,HUDA (PT NUFARM),TEGAL REJO,12/26/2019,23702,Rp 3.640.000
64,HURI,SIDOMAKMUR,5/14/2019,19761,Rp 250.000
65,IBNU,AGUNG TANI,8/19/2024,9708,Rp 255.000
66,INSANI,BETUNG,5/1/2025,13660,Rp 600.000
67,IPIN,LUBUK HARJO,11/24/2017,7289,Rp 3.558.300
68,IPIN MB,COMAL,1/16/2022,12434,Rp 539.000
69,IPIN/BUNDA TIKA,GUMAWANG,10/15/2017,6496,Rp 7.058.400
70,IRAWAN,PUNCAK KABAU,5/9/2009,2380,Rp 1.622.500
71,ISA SUHARTO,KAMPUNG BARU,9/30/2011,8315,Rp 2.900.000
72,ISMAIL,YOSOWINANGUN,10/1/2026,17974,Rp 20.000
73,IWAN,GUMAWANG,11/8/2008,6091,Rp 1.700.000
74,IWAN,GUMAWANG,12/23/2012,12801,Rp 150.000
75,IWAN,GUMAWANG,12/19/2015,1208,Rp 852.000
76,IWAN,GUMAWANG,1/12/2009,224,Rp 1.740.000
77,IWAN,GUMAWANG,2/2/2011,1107,Rp 1.907.500
78,IWAN,TUNGGAL TANI,10/29/2011,9144,Rp 500.000
79,IWAN,GUMAWANG,12/18/2011,747,Rp 564.000
80,IWAN,GUMAWANG,12/20/2011,845,Rp 325.000
81,IWAN,GUMAWANG,3/11/2012,3871,Rp 195.000
82,IWAN (PT BASF),TUGU HARUM,7/15/2025,14822,Rp 18.120.000
83,IWAN/SAFUAN,TUNGGAL TANI,3/1/2011,2504,Rp 500.000
84,JAILANI,PANECANG AGUNG,9/29/2015,9623,Rp 1.180.000
85,JOKO,RAWA BENING,3/15/2009,1234,Rp 560.000
86,JOKO (PT.DAP),BK 3,5/5/2008,5321,Rp 984.000
87,JOKO (PT.DAP),BK 3,2/2/2009,601,Rp 720.000
88,JOKO (PT.DAP),BK 3,3/23/2009,1372,Rp 360.000
89,JONI,KARANG SARI,8/23/2025,15005,Rp 7.100.000
90,JONI,KOTA NEGARA,8/13/2020,2995,Rp 2.183.000
91,JONI,KOTA NEGARA,8/20/2020,2691,Rp 2.678.000
92,JONI,KOTA NEGARA,12/24/2020,5243,Rp 675.000
93,KABUL,TAMAN HARJO,8/5/2022,16057,Rp 5.000.000
94,KADES AGUNG JATI,AGUNG JATI,8/1/2019,21862,Rp 3.250.000
95,KAMAL,SIDODADI,9/7/2026,17818,Rp 13.740.000
96,KAMAL,SIDODADI,9/25/2026,17933,Rp 4.330.000
97,KAMID,TANAH MERAH,9/8/2026,17821,Rp 1.070.000
98,KANDAR,MANGULAK,3/15/2017,1619,Rp 480.000
99,KANDAR,MANGULAK,12/12/2017,7710,Rp 1.345.000
100,KANDAR (PT SYNGENTA),KARANG TENGAH,6/20/2013,18622,Rp 500.000
101,KETUT,BEDILAN,3/27/2023,518,Rp 27.166.000
102,KETUT URIP,NUSA RAYA,7/8/2026,17606,Rp 3.317.000
103,KINATI,HARJO MULYO,2/17/2015,4045,Rp 200.550
104,KOKO,PALEMBANG,6/26/2010,8135,Rp 8.260.000
105,KOMANG,SINAR BALI,4/10/2016,1899,Rp 290.000
106,KUSWADI,SRIMULYO,7/8/2026,17439,Rp 1.373.000
107,M NAWIR,TULUSAYU,7/17/2018,8794,Rp 40.000
108,MADI,MUARA DUA,11/30/2010,11056,Rp 140.000
109,MADI,MUARA DUA,3/8/2011,2467,Rp 1.670.000
110,MADI,MAURA DUA,4/26/2011,4037,Rp 3.560.000
111,MADI,MUARA DUA,5/3/2011,4293,Rp 1.480.000
112,MADI,MUARA DUA,5/10/2011,4598,Rp 2.260.000
113,MADI,MUARA DUA,5/24/2011,5097,Rp 1.948.000
114,MARILAN,TUGU MULYO,4/3/2020,25911,Rp 791.000
115,MARSUDI (PT ARISTA),TANAH MERAH,5/19/2015,6320,Rp 152.000
116,MIA,SUMBER JAYA,6/3/2026,17159,Rp 727.000
117,MINTO,PUNCAK 2,12/29/2018,16340,Rp 250.000
118,MUHAMAD FAHRI,KOTA NEGARA,11/22/2011,10040,Rp 175.000
119,MUHLISIN (PT ASIA),WAY HALOM,10/26/2013,1788,Rp 900.000
120,MUKIRAN,MARGO TANI II,1/27/2021,6031,Rp 39.000
121,NANO (BIOTIS),BK 0,7/15/2026,17490,Rp 2.080.000
122,NANO (BIOTIS),BK.0,7/22/2026,17540,Rp 2.080.000
123,NIKEN,BAHUGA,2/28/2015,4390,Rp 1.550.000
124,NOPRI,GUMAWANG,12/23/2016,0,Rp 100.000
125,NUHARUDIN,MANGULAK 1,2/25/2022,13183,Rp 30.000
126,NYOMAN BUDE,DARMA BUANA,3/20/2019,18503,Rp 500.000
127,NYOMAN BUDE,DARMA BUANA,5/1/2019,19453,Rp 2.565.000
128,PARIMIN,MESJID AGUNG,2/26/2011,2065,Rp 200.000
129,PARJITO,SRIMULYO,5/16/2026,17015,Rp 1.020.000
130,PARMAN,MANGULAK,4/12/2026,16692,Rp 28.000
131,PARWOTO,TARAMAN,11/14/2017,7050,Rp 820.000
132,PENDI/VIENDA,GUMAWANG,8/11/2026,17665,Rp 35.000
133,PENI,MUARA DUA,7/27/2018,13306,Rp 1.500.000
134,PONIJAN,KOTA WAY,10/31/2017,6762,Rp 66.480.000
135,PONIJAN,KOTA WAY,6/17/2013,7281,Rp 16.933.000
136,PUGUH,BEDILAN,2/10/2026,16240,Rp 33.698.000
137,PUGUH,BEDILAN,10/27/2025,15479,Rp 50.000.000
138,RIO (PT BAYER),GUMAWANG,8/21/2023,3239,Rp 758.000
139,ROHANI,SIDON MULYO,8/22/2010,8052,Rp 90.000
140,ROHIMIN,JAYA MULYA,2/25/2026,16351,Rp 1.500.000
141,ROMLI,KERTO,6/3/2026,17311,Rp 353.000
142,RONI (AGRO TANI),BK.3,12/11/2019,23428,Rp 6.534.000
143,RUSLIHAN,BATURAJA,8/19/2013,556,Rp 3.262.000
144,SAIFUL,LEBAK KAJANG,10/22/2018,14735,Rp 20.000
145,SAIMO,SRI KENCANA,5/23/3036,17084,Rp 200.000
146,SAMADI,TEGAL REJO,12/22/2022,18795,Rp 435.000
147,SAMSUL,TANAH MERAH,8/28/2020,2907,Rp 100.000
148,SAMSUL,KOTA NEGARA,12/13/2019,15910,Rp 5.375.000
149,SARJONO,TANJUNG KEMUNING,7/14/2017,5025,Rp 1.100.000
150,SARJONO,TANJUNG KEMUNING,8/14/2017,5559,Rp 990.000
151,SITI (DAPUR),GUMAWANG,8/9/2026,0,Rp 300.000
152,SUDARTO,TADU 5,1/23/2013,13811,Rp 325.000
153,SUGIONO (DELTA AGRO),LAMPUNG,9/4/2026,14216,Rp 20.000.000
154,SUJADI,MARGA CINTA,6/20/2014,548,Rp 1.280.000
155,SUKARS,SIDOMAKMUR,11/8/2011,15108,Rp 120.000
156,SUKOCO,TAPUS,7/5/2025,14751,Rp 2.516.000
157,SUKOCO,TAPUS,7/26/2025,14929,Rp 3.259.000
158,SUNARDI,GUMAWANG,6/4/2026,17416,Rp 9.660.000
159,SUNARDI,GUMAWANG,1/16/2026,16089,Rp 12.795.000
160,SUNARDI,GUMAWANG,1/16/2026,16088,Rp 16.270.000
161,SUNARTO,BUKIT NAPUK,3/23/2019,18537,Rp 2.000.000
162,SUNGKONO,SUGI WARAS,3/4/2011,2344,Rp 15.000
163,SURASTO,MEKAR JAYA,12/17/2025,15774,Rp 218.000
164,SUTRISNO,MARGO DADI,12/11/2012,1243,Rp 4.250.000
165,SYAFI'I,TUGU MULYO,6/3/2019,20251,Rp 1.695.000
166,SYAFI'I,TUGU MULYO,6/20/2019,20302,Rp 2.578.000
167,TAN,MOJOSARI,1/23/2024,5613,Rp 310.000
168,TARMAN,KUTO SARI,11/8/2017,6941,Rp 12.000.000
169,TARMI MB,BATU RAJA,10/2/2017,6168,Rp 368.000
170,TERMAN,JAYA MULYA,9/9/2015,9326,Rp 5.000
171,TOP-I,SUMBER JAYA,5/26/2021,8322,Rp 1.572.000
172,TOYO/SUTOYO,JAYA MULYA,11/14/2010,10522,Rp 13.500.000
173,WAHYUDIN,PT AGRICON,2/25/2025,12843,Rp 588.000
174,WAHYUDIN,PT AGRICON,3/3/2025,12414,Rp 22.988.000
175,WANDA,GUMAWANG,3/6/2021,0,Rp 500.000
176,WANTO/SURANI,TEBING SARI,7/10/2025,14788,Rp 500.000
177,WANTO/TULUS,TEBING SARI,7/15/2026,17494,Rp 535.000
178,WARSITO,KARANG TENGAH,6/13/2015,7165,Rp 500.000
179,WEDRI,TANAH MERAH,10/11/2011,2611,Rp 228.000
180,WOKO,MARGO TANI,1/5/2016,11322,Rp 468.000
181,YANTI,TEBING SARI,11/11/2017,7011,Rp 155.000
182,YANTI (MB),MB,4/3/2017,2703,Rp 59.000
183,YANTO (PT.PKB),BANGSA NEGARA,2/26/2025,12458,Rp 4.735.000
184,YOGI (PT.BAYER),LEBAK KAJANG,8/7/2009,5454,Rp 1.200.000
185,YUDIN,SIDO DADI,5/18/2011,4910,Rp 193.000
186,DAMAK,MENDAYUN,2/1/2011,8130,Rp 270.000
187,HABI,GUNUNG TERANG,5/6/2024,8297,Rp 11.599.000
188,HABI,GUNUNG TERANG,12/25/2025,15834,Rp 970.000
189,HABI,GUNUNG TERANG,2/26/2026,16354,Rp 6.730.000
190,HABI,GUNUNG TERANG,2/26/2026,16355,Rp 1.555.000
191,HERMAN,SUNGAI TEBU,7/30/2026,13362,Rp 9.536.000
192,HERMAN,SUNGAI TEBU,8/20/2026,17690,Rp 10.407.000
193,HERMAN,SUNGAI TEBU,9/17/2026,17871,Rp 2.825.000
194,JARWADI,RASUAN,4/16/2026,16725,Rp 3.320.000
195,JIRIN,SCOTI,11/30/2023,4638,Rp 293.000
196,KANA,MENDAYUN,8/4/2016,11606,Rp 240.000
197,MARSUDI,PEMBANGUNAN,11/17/2025,15611,Rp 4.947.000
198,MARSUDI,PEMBANGUNAN,1/3/2026,15919,Rp 4.361.000
199,MARSUDI,PEMBANGUNAN,1/29/2026,16049,Rp 2.240.000
200,MARSUDI,PEMBANGUNAN,9/10/2026,17825,Rp 2.000.000
201,MARSUDI,PEMBANGUNAN,4/6/2023,728,Rp 8.603.000
202,MASRUR,AGUNG JATI,9/24/2026,17921,Rp 904.000
203,MBAH KANDAR,PEMBANGUNAN,10/3/2024,10638,Rp 1.095.000
204,MULYANTO,TRIDADI,7/2/2026,17393,Rp 2.955.000
205,MUSTAKIM,AGUNG JATI,7/2/2026,17395,Rp 3.308.000
206,MUSTAKIM,AGUNG JATI,7/16/2026,17492,Rp 9.850.000
207,MUSTAKIM,AGUNG JATI,8/13/2026,17639,Rp 6.230.000
208,MUSTAKIM,AGUNG JATI,8/27/2026,17738,Rp 9.557.000
209,NARMI,SUNGAI TEBU,7/2/2026,17399,Rp 2.726.000
210,NARMI,SUNGAI TEBU,8/27/2026,17748,Rp 1.200.000
211,NARMI,SUNGAI TEBU,9/3/2026,17800,Rp 1.464.000
212,NARMI,SUNGAI TEBU,9/10/2026,17841,Rp 510.000
213,NARMI,SUNGAI TEBU,9/17/2026,17879,Rp 818.000
214,NARMI,SUNGAI TEBU,9/24/2026,17922,Rp 1.828.000
215,PUJI,PASUNDAN,1/22/2026,16114,Rp 6.493.000
216,PUJI,PASUNDAN,1/22/2026,16116,Rp 5.370.000
217,PUJI,PASUNDAN,6/11/2026,17210,Rp 5.700.000
218,PUJI,PASUNDAN,6/11/2026,17211,Rp 3.210.500
219,PUJI,PASUNDAN,6/18/2026,17271,Rp 6.137.000
220,PUJI,PASUNDAN,6/18/2026,17273,Rp 8.761.000
221,PUJI,PASUNDAN,6/25/2026,17326,Rp 5.263.000
222,PUJI,PASUNDAN,7/16/2026,17493,Rp 4.212.000
223,PUJI,PASUNDAN,8/13/2026,17634,Rp 2.000.000
224,PUJI,PASUNDAN,9/10/2026,17823,Rp 2.415.000
225,REBI,PASUNDAN,2/27/2025,12460,Rp 6.609.000
226,REBI,PASUNDAN,2/26/2026,16366,Rp 3.705.000
227,REBI,PASUNDAN,6/11/2026,17231,Rp 2.940.000
228,RIFA'I,NIKEN,11/5/2023,4223,Rp 16.590.000
229,RIFA'I,NIKEN,11/7/2024,10942,Rp 6.263.000
230,RIFA'I,NIKEN,11/7/2024,10943,Rp 4.216.000
231,RIFA'I,NIKEN,11/7/2024,10944,Rp 3.665.000
232,RIFA'I,NIKEN,11/5/2023,4224,Rp 14.739.000
233,RISMANTO,SUNGAI GURUN,2/19/2026,16312,Rp 12.978.000
234,RISMANTO,SUNGAI GURUN,2/26/2026,16361,Rp 3.350.000
235,SUGIONO,MENDAYUN,1/8/2015,2014,Rp 417.000
236,SUKIR,SANGKURIANG,7/16/2026,17508,Rp 17.335.000
237,SUKIR,SANGKURIANG,8/6/2026,13392,Rp 21.755.000
238,SUNYANTI,MENGULAK,8/30/2012,0743,Rp 280.000
239,SUYITNO,MENDAYUN,7/21/2016,12731,Rp 2.884.000
240,TOYO,AGUNG JATI,8/13/2026,17633,Rp 3.706.000
241,TOYO,AGUNG JATI,10/1/2026,17957,Rp 2.790.000
242,TOYO,AGUNG JATI,9/24/2026,17911,Rp 3.875.000
243,TUKIT,KECAMPIT,3/12/2026,16450,Rp 2.481.000
244,YOGA,PEMBANGUNAN,9/24/2026,17926,Rp 7.673.000
245,YOGA,PEMBANGUNAN,10/1/2026,17968,Rp 7.194.000
